state_ab,flu_vacc_est,mandate_type,cvd_vac_prop_cent
al,0.313072,ban,-0.169831287495132
ak,0.278167,ban,-0.0815043904899497
az,0.304061,ban,-0.0659319732482849
ar,0.359283,ban,-0.125503543090087
ca,0.335705,mandate,0.00638052432922354
co,0.443395,mandate,0.00826451607642131
ct,0.451455,mandate,0.0924774472394431
de,0.355837,mandate,-0.017691501370942
fl,0.247024,ban,-0.0109243367710888
ga,0.307988,ban,-0.128641791901045
id,0.346717,ban,-0.180054825218265
il,0.367554,mandate,-0.00865753692157567
in,0.32066,ban,-0.112610567171376
ia,0.38492,ban,-0.0573393427660508
ks,0.348853,ban,-0.0789394859552538
md,0.495734,mandate,0.0394951415701923
ma,0.471828,mandate,0.0764433810054576
mi,0.3718,ban,-0.0766271153695408
mn,0.387535,mandate,-0.00920577112655285
mo,0.39287,ban,-0.11052683407563
mt,0.325349,ban,-0.108825812689717
nv,0.213429,mandate,-0.0808442288754537
nh,0.406461,ban,0.0143421755826806
nj,0.419823,mandate,0.0280656538620366
nm,0.343531,mandate,0.00853651271489497
ny,0.375031,mandate,0.0360705615902699
nc,0.333785,mandate,-0.0769809587323983
nd,0.393738,ban,-0.150768561757982
ok,0.292879,ban,-0.106077431844923
or,0.296223,mandate,0.0190733888650825
pa,0.42696,mandate,-0.00991413584825385
sc,0.278848,ban,-0.103581271286926
sd,0.403567,ban,-0.0803722106392659
tn,0.300639,ban,-0.135542433513756
tx,0.335191,ban,-0.0757168284856346
ut,0.36301,ban,-0.0807284478950225
vt,0.438308,mandate,0.0848584804907326
va,0.40124,mandate,0.0177233729805834
wa,0.358877,mandate,0.021184921075786
wi,0.369169,mandate,-0.0306379822685818
wy,0.269669,ban,-0.165430134185321
al,0.314166,ban,-0.166868360589884
ak,0.278701,ban,-0.078088360412834
az,0.306072,ban,-0.0619426015051183
ar,0.37201,ban,-0.121964376304669
ca,0.38094,mandate,0.0111697127558252
co,0.456552,mandate,0.012091812386164
ct,0.451455,mandate,0.0958773494960672
de,0.359627,mandate,-0.0139050109982871
fl,0.249437,ban,-0.00713588286958822
ga,0.328002,ban,-0.125001637411294
id,0.368908,ban,-0.176452686850104
il,0.388781,mandate,-0.0038122382047725
in,0.335006,ban,-0.110744242251635
ia,0.38492,ban,-0.0545609807646648
ks,0.350366,ban,-0.0753558522757673
md,0.506701,mandate,0.0423817132729507
ma,0.501414,mandate,0.0799269620654175
mi,0.392407,ban,-0.0740237191216364
mn,0.396139,mandate,0.00128781239926346
mo,0.400768,ban,-0.10745421318144
mt,0.333343,ban,-0.105373313702619
nv,0.233071,mandate,-0.0768217826527865
nh,0.406461,ban,0.0177475485367163
nj,0.450217,mandate,0.0314851537869704
nm,0.343531,mandate,0.0122145989739421
ny,0.440645,mandate,0.0404962638963848
nc,0.338049,mandate,-0.072519380825998
nd,0.396031,ban,-0.138436105267311
ok,0.297094,ban,-0.101916001573722
or,0.301306,mandate,0.0220124877266381
pa,0.435014,mandate,-0.00443496613734773
sc,0.315533,ban,-0.0999389957264343
sd,0.40938,ban,-0.0745802149649361
tn,0.305617,ban,-0.129329419921032
tx,0.351049,ban,-0.0725993470273925
ut,0.365096,ban,-0.0754471784201576
vt,0.446764,mandate,0.088736487545653
va,0.407649,mandate,0.0224010486631597
wa,0.359812,mandate,0.0248897085548448
wi,0.383093,mandate,-0.0275015677239532
wy,0.325326,ban,-0.160924637965327
al,0.328901,ban,-0.163303186647229
ak,0.278912,ban,-0.0728829905234148
az,0.334208,ban,-0.0578117410029664
ar,0.38854,ban,-0.118806222113352
ca,0.390336,mandate,0.0157514202197293
co,0.456552,mandate,0.0158571035463617
ct,0.451455,mandate,0.0987417866587076
de,0.363455,mandate,-0.0104873711684315
fl,0.269516,ban,-0.00308864607768922
ga,0.328002,ban,-0.122228008554244
id,0.384474,ban,-0.173446800915774
il,0.401091,mandate,-0.00257872259866088
in,0.336785,ban,-0.108917476312629
ia,0.38492,ban,-0.0518800996502858
ks,0.350366,ban,-0.0720774921754805
md,0.58704,mandate,0.0459011860051327
ma,0.601473,mandate,0.0833881490385866
mi,0.396398,ban,-0.0713233442477169
mn,0.447589,mandate,0.00403981489226357
mo,0.403675,ban,-0.104471949836926
mt,0.334812,ban,-0.101558343826178
nv,0.238515,mandate,-0.0732650487997922
nh,0.42053,ban,0.0213169833725709
nj,0.456085,mandate,0.0348306337019267
nm,0.343531,mandate,0.0156772717179702
ny,0.471474,mandate,0.0446718119387014
nc,0.338546,mandate,-0.0693064119650427
nd,0.397466,ban,-0.135755152409614
ok,0.298411,ban,-0.0984960705178857
or,0.335048,mandate,0.0244701092223821
pa,0.456834,mandate,0.000299599980238652
sc,0.339018,ban,-0.096438309480177
sd,0.44,ban,-0.0707871981309466
tn,0.33543,ban,-0.12347772275294
tx,0.353302,ban,-0.0691546992163492
ut,0.36621,ban,-0.0709935034516649
vt,0.446764,mandate,0.0926560359489887
va,0.471136,mandate,0.0267955553535294
wa,0.372396,mandate,0.0285001822398032
wi,0.421974,mandate,-0.0247294393565729
wy,0.325326,ban,-0.156590267886596
al,0.351819,ban,-0.160091297225597
ak,0.295054,ban,-0.0697201872867088
az,0.334208,ban,-0.0544553431841195
ar,0.448875,ban,-0.116643197677884
ca,0.390336,mandate,0.0194841264525966
co,0.465622,mandate,0.0191211328052721
ct,0.455146,mandate,0.101044888743171
de,0.371929,mandate,-0.00873691847510105
fl,0.269516,ban,-0.000173365550929949
ga,0.328002,ban,-0.119113304005678
id,0.384474,ban,-0.170626641866447
il,0.446975,mandate,-0.00211830198021989
in,0.336785,ban,-0.107029845544829
ia,0.38492,ban,-0.0496754733426173
ks,0.350366,ban,-0.0690153229533613
md,0.599653,mandate,0.0489842629896892
ma,0.61058,mandate,0.0862404281927046
mi,0.403112,ban,-0.0691334645209183
mn,0.479988,mandate,0.00642576825897701
mo,0.403675,ban,-0.101964545241141
mt,0.334812,ban,-0.098686378004639
nv,0.238515,mandate,-0.070295183394853
nh,0.529904,ban,0.0272494485744963
nj,0.470094,mandate,0.0372389215561949
nm,0.394673,mandate,0.018716943290955
ny,0.474193,mandate,0.0483036241527483
nc,0.338546,mandate,-0.0665711257312405
nd,0.397466,ban,-0.133285800646082
ok,0.298411,ban,-0.0956293322979215
or,0.335048,mandate,0.026937069646095
pa,0.46053,mandate,-0.0255102702774771
sc,0.342743,ban,-0.0936574875336934
sd,0.44,ban,-0.0670749009228955
tn,0.356801,ban,-0.120512546718933
tx,0.356595,ban,-0.0665593467891809
ut,0.36621,ban,-0.066941857851622
vt,0.446764,mandate,0.0965658099174017
va,0.488806,mandate,0.030651198518957
wa,0.372396,mandate,0.0317972159792062
wi,0.421974,mandate,-0.0224691150102569
wy,0.325326,ban,-0.153528818742883
al,0.384542,ban,-0.157003746895348
ak,0.358372,ban,-0.066246304616053
az,0.378779,ban,-0.0505848875192018
ar,0.47211,ban,-0.113193686495409
ca,0.447073,mandate,0.0245099322044484
co,0.52121,mandate,0.0237051096750253
ct,0.592463,mandate,0.104641252334586
de,0.436814,mandate,-0.00301886921537131
fl,0.324227,ban,0.0047059813371948
ga,0.389132,ban,-0.116692753503777
id,0.404219,ban,-0.16821972707819
il,0.459742,mandate,0.00202689961274138
in,0.419209,ban,-0.105456097078135
ia,0.485577,ban,-0.0462537912201324
ks,0.459148,ban,-0.0654721946723252
md,0.599653,mandate,0.0547207972553819
ma,0.612267,mandate,0.0911492038886751
mi,0.460898,ban,-0.0660788291786267
mn,0.510417,mandate,0.0107576499963187
mo,0.480734,ban,-0.0990760049342818
mt,0.408421,ban,-0.0959405062002238
nv,0.279936,mandate,-0.0667016839867365
nh,0.529904,ban,0.032055258729595
nj,0.520285,mandate,0.0415846635631948
nm,0.445061,mandate,0.022179211249177
ny,0.488877,mandate,0.0524144802969103
nc,0.434337,mandate,-0.0625189861668475
nd,0.479055,ban,-0.129976828943052
ok,0.363567,ban,-0.0920540006717694
or,0.420956,mandate,0.0300185787305449
pa,0.509261,mandate,-0.0316417990039285
sc,0.386589,ban,-0.0902591207090764
sd,0.497565,ban,-0.0618476203960945
tn,0.418349,ban,-0.117868935894696
tx,0.434538,ban,-0.0628980814046387
ut,0.473898,ban,-0.0634848070066757
vt,0.5459,mandate,0.100421602347503
va,0.527511,mandate,0.0355072430266548
wa,0.482409,mandate,0.0358394714512271
wi,0.48207,mandate,-0.0190970742809822
wy,0.325326,ban,-0.150016398972193
al,0.386224,ban,-0.152916877629414
ak,0.359869,ban,-0.0582901120802842
az,0.386712,ban,-0.0435071136074109
ar,0.474511,ban,-0.107252888034942
ca,0.447073,mandate,0.034008964498917
co,0.539528,mandate,0.0337603853111721
ct,0.623283,mandate,0.114171191948576
de,0.449354,mandate,0.00467215524825104
fl,0.324237,ban,0.0108789574695731
ga,0.389132,ban,-0.115919315195681
id,0.422195,ban,-0.165109209561217
il,0.460521,mandate,0.0110048340766934
in,0.432842,ban,-0.10128078245476
ia,0.485577,ban,-0.0391077750159159
ks,0.459148,ban,-0.0583212656253356
md,0.599653,mandate,0.0644677321245076
ma,0.612684,mandate,0.102239621355298
mi,0.473072,ban,-0.0593666919498873
mn,0.511919,mandate,0.0208500615040308
mo,0.493265,ban,-0.0917517282606245
mt,0.418484,ban,-0.090054010579586
nv,0.279936,mandate,-0.0609690642702211
nh,0.529904,ban,0.0365156263256935
nj,0.520285,mandate,0.0495532336796143
nm,0.45218,mandate,0.0303185768445711
ny,0.497358,mandate,0.0614099778383891
nc,0.454213,mandate,-0.0547329386103652
nd,0.479055,ban,-0.121744739582114
ok,0.3748,ban,-0.0861966583953218
or,0.421781,mandate,0.0382014013605017
pa,0.51598,mandate,-0.0221386628420983
sc,0.386589,ban,-0.0846623376584876
sd,0.49896,ban,-0.0542180851332992
tn,0.437699,ban,-0.113241278475337
tx,0.440977,ban,-0.055814744589188
ut,0.483134,ban,-0.0551373376564493
vt,0.5459,mandate,0.113372506471625
va,0.527511,mandate,0.0464956861931946
wa,0.486972,mandate,0.0448437782747837
wi,0.48207,mandate,-0.0112678422555815
wy,0.326426,ban,-0.144215693318319
al,0.3865,ban,-0.149373995442453
ak,0.364709,ban,-0.0527853501495501
az,0.386712,ban,-0.0368966740901501
ar,0.474631,ban,-0.102157935635901
ca,0.447073,mandate,0.0419832696957591
co,0.539528,mandate,0.0421203669204361
ct,0.623283,mandate,0.121502816780085
de,0.461736,mandate,0.0127248148684684
fl,0.324248,ban,0.0161575619978279
ga,0.389132,ban,-0.110765024688866
id,0.422195,ban,-0.162563873481
il,0.464216,mandate,0.0188393434706161
in,0.432842,ban,-0.096916788967444
ia,0.489654,ban,-0.03288158075975
ks,0.459148,ban,-0.0519129031326538
md,0.599653,mandate,0.071840299478387
ma,0.613081,mandate,0.112547038315454
mi,0.473072,ban,-0.0531396888447427
mn,0.513107,mandate,0.0296165150016968
mo,0.494553,ban,-0.0861941703041952
mt,0.418484,ban,-0.0836279590549615
nv,0.279936,mandate,-0.0558098307644036
nh,0.529904,ban,0.0440167388249585
nj,0.520285,mandate,0.056627012144138
nm,0.45218,mandate,0.038238211209645
ny,0.503326,mandate,0.0723359995766638
nc,0.461006,mandate,-0.0480827129731641
nd,0.479055,ban,-0.101803995223007
ok,0.384978,ban,-0.0812498184155851
or,0.422756,mandate,0.045362639671333
pa,0.534216,mandate,-0.0128611831098665
sc,0.388773,ban,-0.0805282813534992
sd,0.49896,ban,-0.0481331787205355
tn,0.439345,ban,-0.108182021672152
tx,0.452773,ban,-0.0499229661779784
ut,0.48413,ban,-0.0447628665344442
vt,0.5459,mandate,0.127196667497443
va,0.527747,mandate,0.0543836531594942
wa,0.498135,mandate,0.0533459248637815
wi,0.48207,mandate,-0.00422033845577308
wy,0.326426,ban,-0.139103454629299
al,0.386708,ban,-0.146407258466716
ak,0.364709,ban,-0.0494971022319032
az,0.386712,ban,-0.0320418298110839
ar,0.475483,ban,-0.0982624234064018
ca,0.449761,mandate,0.0479807355620728
co,0.544149,mandate,0.0476570358405004
ct,0.624294,mandate,0.126090163196369
de,0.483729,mandate,0.0187702983541809
fl,0.324293,ban,0.0200387614692598
ga,0.389132,ban,-0.106852303044344
id,0.422195,ban,-0.160364046888235
il,0.465384,mandate,0.02399503084379
in,0.432842,ban,-0.0942460630174103
ia,0.489654,ban,-0.0289066710952473
ks,0.492614,ban,-0.0471030207879495
md,0.634914,mandate,0.076905057184622
ma,0.644335,mandate,0.118712890426003
mi,0.473072,ban,-0.0486724770970508
mn,0.51946,mandate,0.0347485377713448
mo,0.512418,ban,-0.0819570209384299
mt,0.422263,ban,-0.0784690404066847
nv,0.279936,mandate,-0.0518093334400985
nh,0.53003,ban,0.0497658529478343
nj,0.523672,mandate,0.061543383374127
nm,0.453218,mandate,0.0437553743303634
ny,0.503963,mandate,0.0779939736384211
nc,0.463255,mandate,-0.0421063774145767
nd,0.481143,ban,-0.0974535207341404
ok,0.387952,ban,-0.0773064612920501
or,0.423736,mandate,0.0503239704409231
pa,0.538231,mandate,0.00956690600129584
sc,0.392951,ban,-0.076836046228157
sd,0.498967,ban,-0.0432419882929487
tn,0.439345,ban,-0.103675064899481
tx,0.461476,ban,-0.045535570689621
ut,0.48413,ban,-0.0378715582984807
vt,0.5459,mandate,0.137029082589261
va,0.527966,mandate,0.0603988881444904
wa,0.512495,mandate,0.0590530496266552
wi,0.48207,mandate,0.000393629937595952
wy,0.326426,ban,-0.134641792457065
al,0.419708,ban,-0.140891214700608
ak,0.387748,ban,-0.0442786814207083
az,0.418449,ban,-0.0249554862709437
ar,0.510219,ban,-0.0927940008687498
ca,0.486311,mandate,0.0568494230308319
co,0.580662,mandate,0.0550249597997197
ct,0.662607,mandate,0.133370919636291
de,0.494051,mandate,0.0260432633410862
fl,0.359057,ban,0.0258887630767024
ga,0.429135,ban,-0.0994040768006433
id,0.422195,ban,-0.157724410331902
il,0.498611,mandate,0.0296591053559776
in,0.463666,ban,-0.090841653767943
ia,0.543977,ban,-0.02259195147683
ks,0.492614,ban,-0.0402838664511964
md,0.634914,mandate,0.0834174369479963
ma,0.676103,mandate,0.126289895145363
mi,0.498201,ban,-0.0428794749618634
mn,0.549506,mandate,0.0412589650644815
mo,0.521855,ban,-0.077939858435194
mt,0.445793,ban,-0.0743419318399987
nv,0.313538,mandate,-0.0451075571254166
nh,0.574767,ban,0.0573013956271014
nj,0.580941,mandate,0.0688854363148739
nm,0.508186,mandate,0.0503377313090819
ny,0.544907,mandate,0.08662197622239
nc,0.484215,mandate,-0.0353569943500313
nd,0.495196,ban,-0.0915662795466662
ok,0.404501,ban,-0.0711931608902622
or,0.458128,mandate,0.0549766108694055
pa,0.562677,mandate,0.0232612925517814
sc,0.423209,ban,-0.0712200329316566
sd,0.541882,ban,-0.0353862447371053
tn,0.468919,ban,-0.098619777016345
tx,0.486153,ban,-0.0388336845105035
ut,0.505782,ban,-0.0296787089106368
vt,0.586376,mandate,0.146834395838795
va,0.583465,mandate,0.0671440169021381
wa,0.531133,mandate,0.0653948040675379
wi,0.51047,mandate,0.00646033156319636
wy,0.35494,ban,-0.129251938132219
al,0.419708,ban,-0.137853195286706
ak,0.391959,ban,-0.0413223554538735
az,0.432713,ban,-0.0203541751457731
ar,0.510653,ban,-0.0892618072968938
ca,0.486311,mandate,0.0621983374579824
co,0.580662,mandate,0.0590084071464864
ct,0.662607,mandate,0.138205793864588
de,0.494051,mandate,0.0300473697616831
fl,0.359477,ban,0.0295829392458897
ga,0.429135,ban,-0.0964538754252871
id,0.424795,ban,-0.155769656228549
il,0.502448,mandate,0.034382893347257
in,0.463666,ban,-0.0877744748289673
ia,0.543977,ban,-0.0195803876107067
ks,0.492614,ban,-0.0362374598100641
md,0.635285,mandate,0.0889144970236177
ma,0.676103,mandate,0.130825977963166
mi,0.498201,ban,-0.039211695410767
mn,0.549613,mandate,0.0455837621415343
mo,0.521855,ban,-0.0749403034455459
mt,0.445793,ban,-0.0718701201772903
nv,0.32394,mandate,-0.0409358860025555
nh,0.574767,ban,0.0613277562855188
nj,0.580941,mandate,0.0740954115362412
nm,0.508186,mandate,0.0550733879600399
ny,0.545159,mandate,0.0922584664640181
nc,0.485283,mandate,-0.0319354609913975
nd,0.499273,ban,-0.0883647586592175
ok,0.404501,ban,-0.0677229690973834
or,0.463896,mandate,0.0587816340124137
pa,0.568917,mandate,0.0284978093631253
sc,0.42323,ban,-0.0679920310142133
sd,0.541882,ban,-0.0313599304612836
tn,0.468919,ban,-0.0959894992828958
tx,0.490712,ban,-0.0347979874597438
ut,0.506892,ban,-0.0254685134423607
vt,0.590588,mandate,0.151820024087268
va,0.583465,mandate,0.0710575550430014
wa,0.531317,mandate,0.0693695918971914
wi,0.51047,mandate,0.0104811502431145
wy,0.35494,ban,-0.126251410885394
al,0.42093,ban,-0.132826802445066
ak,0.392421,ban,-0.0333418141834502
az,0.435941,ban,-0.015765069248858
ar,0.511428,ban,-0.0852126946217167
ca,0.486311,mandate,0.0698332929143417
co,0.580662,mandate,0.0651326899119403
ct,0.66294,mandate,0.142721591748781
de,0.51798,mandate,0.0356726291548178
fl,0.360455,ban,0.0344374929608473
ga,0.455087,ban,-0.0909726723700386
id,0.424795,ban,-0.149482906035792
il,0.503667,mandate,0.0387685519329366
in,0.463666,ban,-0.0842537465967648
ia,0.543977,ban,-0.0160708965679558
ks,0.492614,ban,-0.0302000645259987
md,0.646456,mandate,0.095484045323723
ma,0.676104,mandate,0.135168337705312
mi,0.498201,ban,-0.0359600691333608
mn,0.549692,mandate,0.0490537937030711
mo,0.521855,ban,-0.0707396870320515
mt,0.445793,ban,-0.0680310382787656
nv,0.33336,mandate,-0.0353231799739543
nh,0.604332,ban,0.0653664578819489
nj,0.580941,mandate,0.0788214499917672
nm,0.510702,mandate,0.0612846238156438
ny,0.545172,mandate,0.0976955630938898
nc,0.485283,mandate,-0.0274510027070614
nd,0.499273,ban,-0.0844042976255411
ok,0.404501,ban,-0.0632004408675716
or,0.464876,mandate,0.0625835554176155
pa,0.5694,mandate,0.0327816119579709
sc,0.42323,ban,-0.0623180199658927
sd,0.541882,ban,-0.0268038634308043
tn,0.480875,ban,-0.091923940165418
tx,0.490856,ban,-0.0302041940575915
ut,0.506892,ban,-0.0201651928291132
vt,0.590588,mandate,0.156696356381623
va,0.584977,mandate,0.0808153906885014
wa,0.537206,mandate,0.0759619351411121
wi,0.51047,mandate,0.0139726159504506
wy,0.359843,ban,-0.118261974643256
al,0.42093,ban,-0.127071378205516
ak,0.392421,ban,-0.0272557992590401
az,0.435941,ban,-0.0118302115284589
ar,0.511428,ban,-0.0817991405540752
ca,0.486311,mandate,0.0778256601990323
co,0.580662,mandate,0.0701958829574272
ct,0.667304,mandate,0.146690871360444
de,0.51798,mandate,0.0410441955689841
fl,0.361319,ban,0.0389421763998804
ga,0.455087,ban,-0.0861315180210655
id,0.424795,ban,-0.11434339492861
il,0.503667,mandate,0.043143038400156
in,0.463666,ban,-0.0817929632523132
ia,0.543977,ban,-0.012820220190753
ks,0.492614,ban,-0.0244888519703974
md,0.646456,mandate,0.099891688627576
ma,0.711213,mandate,0.13877784994117
mi,0.498201,ban,-0.0331192659201182
mn,0.549692,mandate,0.052674806134571
mo,0.521855,ban,-0.0676834757930429
mt,0.445793,ban,-0.064731380524543
nv,0.33336,mandate,-0.0303864724062599
nh,0.604332,ban,0.0690093161137125
nj,0.580941,mandate,0.0835173913852668
nm,0.517391,mandate,0.0663364181839149
ny,0.545172,mandate,0.102767441853183
nc,0.485283,mandate,-0.0232188991174093
nd,0.499273,ban,-0.0812951917740188
ok,0.404501,ban,-0.0589921053859209
or,0.464876,mandate,0.0654704304545333
pa,0.58632,mandate,0.0368640387945949
sc,0.42323,ban,-0.0575948873616248
sd,0.541882,ban,-0.0225722860742544
tn,0.480875,ban,-0.0886027809430948
tx,0.503797,ban,-0.0252675445517003
ut,0.529081,ban,-0.015686628456907
vt,0.592033,mandate,0.160429524082713
va,0.584977,mandate,0.088154795314647
wa,0.547113,mandate,0.0813077863455367
wi,0.51047,mandate,0.0177771510746049
wy,0.359843,ban,-0.109548905138058
al,0.453096,ban,-0.124805097099029
ak,0.411634,ban,-0.0198393694730965
az,0.440263,ban,-0.00831808218835661
ar,0.530341,ban,-0.0792728923346189
ca,0.518877,mandate,0.0832843671173604
co,0.611274,mandate,0.073081646164363
ct,0.697026,mandate,0.150207089503122
de,0.51798,mandate,0.0446227385112103
fl,0.389826,ban,0.041733245649516
ga,0.455087,ban,-0.0832536927074052
id,0.437247,ban,-0.0999594652211482
il,0.519174,mandate,0.0480442200088956
in,0.484559,ban,-0.0791923023836438
ia,0.554006,ban,-0.010280522924208
ks,0.512195,ban,-0.0211991134028384
md,0.672032,mandate,0.103879194064601
ma,0.711213,mandate,0.142178763900347
mi,0.538712,ban,-0.0305058897054379
mn,0.582376,mandate,0.0556592505737871
mo,0.547741,ban,-0.0652822117250422
mt,0.47159,ban,-0.0628096655405028
nv,0.33336,mandate,-0.0268150139254311
nh,0.605855,ban,0.0718585172142752
nj,0.629919,mandate,0.0890966823181709
nm,0.530611,mandate,0.0697823597811498
ny,0.572879,mandate,0.107103050720026
nc,0.508545,mandate,-0.0201871943031865
nd,0.523699,ban,-0.0798090333093701
ok,0.42538,ban,-0.0560902604199808
or,0.488635,mandate,0.0680496940156682
pa,0.591267,mandate,0.0406111067112583
sc,0.454428,ban,-0.0548133955662288
sd,0.562739,ban,-0.0195759928934831
tn,0.503483,ban,-0.0862428652164973
tx,0.511577,ban,-0.0213559195613561
ut,0.530228,ban,-0.012166393459016
vt,0.602729,mandate,0.162934667323725
va,0.590088,mandate,0.0908117079523707
wa,0.574107,mandate,0.0845488844221116
wi,0.552579,mandate,0.0210052128370255
wy,0.364779,ban,-0.107424811196494
al,0.453096,ban,-0.122630797918134
ak,0.411634,ban,-0.0108979297382593
az,0.440263,ban,-0.00421315030531722
ar,0.531511,ban,-0.0771373338219555
ca,0.518877,mandate,0.0870833997648317
co,0.611274,mandate,0.0761992977438194
ct,0.697026,mandate,0.154213371511781
de,0.51798,mandate,0.0484429968913051
fl,0.389826,ban,0.0443217112962671
ga,0.455701,ban,-0.0807207172561597
id,0.437247,ban,-0.0977528030090272
il,0.519174,mandate,0.0510133275626791
in,0.484559,ban,-0.0770329378402466
ia,0.554006,ban,-0.00829875485017961
ks,0.512195,ban,-0.0182221368074703
md,0.672032,mandate,0.107951203479463
ma,0.711213,mandate,0.145612659350321
mi,0.538712,ban,-0.0274162819511624
mn,0.593777,mandate,0.0588964646770771
mo,0.547741,ban,-0.0634016466730732
mt,0.472558,ban,-0.0609766248234662
nv,0.338325,mandate,-0.0233777796301885
nh,0.605855,ban,0.0749415739049147
nj,0.634334,mandate,0.0942140902343102
nm,0.531426,mandate,0.0732193960905718
ny,0.572959,mandate,0.111252504194769
nc,0.510178,mandate,-0.0172960286524798
nd,0.523699,ban,-0.0785038542900772
ok,0.42538,ban,-0.0539448160939584
or,0.488635,mandate,0.0704129485100178
pa,0.591535,mandate,0.0442435281094518
sc,0.454428,ban,-0.0524413489196236
sd,0.562739,ban,-0.0165687437555001
tn,0.503483,ban,-0.084288399478613
tx,0.511686,ban,-0.0182095583741233
ut,0.530228,ban,-0.00115257032084826
vt,0.602729,mandate,0.165188785304265
va,0.601108,mandate,0.0948050213309713
wa,0.574107,mandate,0.0875637925462567
wi,0.552579,mandate,0.0241231573525724
wy,0.364779,ban,-0.105439153597861
al,0.453096,ban,-0.120596646777813
ak,0.411634,ban,-0.00630653754189203
az,0.443068,ban,-0.000906871828032285
ar,0.531511,ban,-0.0747994572423334
ca,0.538272,mandate,0.0906893209081694
co,0.611274,mandate,0.0789236644661251
ct,0.709501,mandate,0.157431351919369
de,0.51798,mandate,0.0517809788574568
fl,0.399259,ban,0.0464397964575529
ga,0.455701,ban,-0.0791291907312596
id,0.437852,ban,-0.0954363048222527
il,0.519174,mandate,0.0542780502628943
in,0.485876,ban,-0.0745510170734116
ia,0.554006,ban,-0.00635361487241848
ks,0.516163,ban,-0.0153237397125788
md,0.678163,mandate,0.111718984698248
ma,0.711213,mandate,0.149270820809208
mi,0.538712,ban,-0.0245996489699555
mn,0.593777,mandate,0.0618943274128112
mo,0.553554,ban,-0.0612895824686612
mt,0.472558,ban,-0.0592487283338741
nv,0.354949,mandate,-0.0199657152456499
nh,0.609769,ban,0.077746492816137
nj,0.634334,mandate,0.0976922309857661
nm,0.54732,mandate,0.0769955079798461
ny,0.579863,mandate,0.114789541505111
nc,0.510258,mandate,-0.0150422293191961
nd,0.523699,ban,-0.0771918908336227
ok,0.42538,ban,-0.0511660071031233
or,0.505347,mandate,0.0726433339966889
pa,0.591564,mandate,0.0473857765875149
sc,0.455107,ban,-0.0503914996007413
sd,0.562739,ban,-0.0140047275335937
tn,0.503483,ban,-0.0821678178995285
tx,0.511686,ban,-0.0150722404828841
ut,0.535731,ban,0.0084970078343265
vt,0.608233,mandate,0.167351379030544
va,0.601108,mandate,0.0998248036865783
wa,0.574107,mandate,0.091870004276701
wi,0.552579,mandate,0.0267304370745696
wy,0.364779,ban,-0.102989647572908
al,0.453096,ban,-0.118749928358826
ak,0.411634,ban,-0.0010160444761208
az,0.450639,ban,0.00193325082831874
ar,0.531511,ban,-0.0729048303737712
ca,0.538272,mandate,0.0941119871938342
co,0.611274,mandate,0.0811688644980525
ct,0.713184,mandate,0.159884048276905
de,0.51798,mandate,0.0550156364931538
fl,0.399259,ban,0.0483108187757964
ga,0.455701,ban,-0.0776873774307187
id,0.437852,ban,-0.0932386531992827
il,0.519174,mandate,0.057296428866053
in,0.485876,ban,-0.0729135194882156
ia,0.554006,ban,-0.00472500791727937
ks,0.518116,ban,-0.0131980572476721
md,0.678163,mandate,0.114881362213734
ma,0.711213,mandate,0.151905438381099
mi,0.538712,ban,-0.0224109316824683
mn,0.593777,mandate,0.0641871537962263
mo,0.553554,ban,-0.0595514355838637
mt,0.472558,ban,-0.0575730086789529
nv,0.354949,mandate,-0.0170766972504047
nh,0.609769,ban,0.0749657372541328
nj,0.634334,mandate,0.100350845809165
nm,0.54732,mandate,0.0798978222347677
ny,0.579863,mandate,0.1176249956043
nc,0.510258,mandate,-0.0129870048448993
nd,0.523699,ban,-0.0761238003886404
ok,0.42538,ban,-0.0490095941740412
or,0.505347,mandate,0.0744455785220563
pa,0.591564,mandate,0.049708667767259
sc,0.455107,ban,-0.0476162318181714
sd,0.562739,ban,-0.011944524226474
tn,0.505272,ban,-0.0796427578902851
tx,0.511686,ban,-0.0124264367572565
ut,0.535731,ban,0.0108725049237496
vt,0.612603,mandate,0.168851310498425
va,0.60924,mandate,0.102455648689565
wa,0.574107,mandate,0.0962731810441297
wi,0.552579,mandate,0.028549686461315
wy,0.364779,ban,-0.101271947260597
al,0.472118,ban,-0.117394709032829
ak,0.422615,ban,0.000550455716624931
az,0.472876,ban,0.00432679397092439
ar,0.551271,ban,-0.0717085210348085
ca,0.551095,mandate,0.0964580316423013
co,0.627339,mandate,0.0827618475539209
ct,0.720447,mandate,0.161611394648818
de,0.528158,mandate,0.0574186487148635
fl,0.415337,ban,0.0499873294310339
ga,0.468404,ban,-0.0760244750660933
id,0.450124,ban,-0.0913795200894222
il,0.536992,mandate,0.0598748690679465
in,0.493105,ban,-0.0714849329013324
ia,0.562719,ban,-0.0033294237163829
ks,0.531791,ban,-0.01090782464068
md,0.708482,mandate,0.117519972326347
ma,0.733369,mandate,0.153344431188554
mi,0.555157,ban,-0.020489221034509
mn,0.595892,mandate,0.0667745318155233
mo,0.559453,ban,-0.0581173663405502
mt,0.485871,ban,-0.0561796500257997
nv,0.354949,mandate,-0.0152600002770805
nh,0.616695,ban,0.0688474320444842
nj,0.650747,mandate,0.102615599744228
nm,0.56017,mandate,0.0822838996538311
ny,0.596431,mandate,0.119789847603585
nc,0.534778,mandate,-0.0113690665410169
nd,0.541322,ban,-0.0752828969069771
ok,0.439576,ban,-0.0477741470116967
or,0.513559,mandate,0.0760674502509015
pa,0.607514,mandate,0.0522083354187028
sc,0.4719,ban,-0.0453965757995447
sd,0.575996,ban,-0.00995553464123966
tn,0.515261,ban,-0.0781451313871596
tx,0.550233,ban,-0.00983378016357928
ut,0.537092,ban,0.0121800719312651
vt,0.619212,mandate,0.169858521587789
va,0.609335,mandate,0.104390727832807
wa,0.590381,mandate,0.0984958495898051
wi,0.575549,mandate,0.0305309485440953
wy,0.369227,ban,-0.0999158159298269
al,0.472118,ban,-0.116306137774288
ak,0.422615,ban,0.0032075844320224
az,0.475951,ban,0.00623328658104883
ar,0.551271,ban,-0.0703972722641329
ca,0.551095,mandate,0.098383734199619
co,0.637226,mandate,0.0842089972692392
ct,0.720447,mandate,0.163259942554323
de,0.528158,mandate,0.0596088070435261
fl,0.41643,ban,0.0513173193428357
ga,0.468404,ban,-0.0743657602974442
id,0.451613,ban,-0.0902584785150297
il,0.540075,mandate,0.0621681303538266
in,0.493105,ban,-0.0702414040263503
ia,0.562719,ban,-0.0021760864602316
ks,0.531791,ban,-0.00831013028770433
md,0.708482,mandate,0.11912550165242
ma,0.733369,mandate,0.15504617857151
mi,0.561712,ban,-0.018569324925963
mn,0.595892,mandate,0.0683419190263553
mo,0.559453,ban,-0.0567262825023222
mt,0.485871,ban,-0.0551137141861778
nv,0.354949,mandate,-0.0136772868429113
nh,0.617698,ban,0.0773730498095441
nj,0.650747,mandate,0.104471928704224
nm,0.56017,mandate,0.0841152181208222
ny,0.596431,mandate,0.121535206446071
nc,0.534778,mandate,-0.00993745552539604
nd,0.541322,ban,-0.0748433753968268
ok,0.439576,ban,-0.0463604961305704
or,0.513559,mandate,0.0773151917137728
pa,0.607514,mandate,0.0535822698433109
sc,0.4719,ban,-0.0429442868350957
sd,0.575996,ban,-0.00824141068843887
tn,0.515261,ban,-0.0769481919206316
tx,0.550233,ban,-0.0082797056771603
ut,0.537092,ban,0.0130130373089684
vt,0.619212,mandate,0.171722772902728
va,0.609335,mandate,0.105902700300221
wa,0.590381,mandate,0.100179685464374
wi,0.575549,mandate,0.0318995486123612
wy,0.369227,ban,-0.098833833135062
al,0.479094,ban,-0.115249724648005
ak,0.422615,ban,0.00464454935640368
az,0.480137,ban,0.00786780835203893
ar,0.551271,ban,-0.0691796637898688
ca,0.551095,mandate,0.100095358200235
co,0.638309,mandate,0.0854710965003408
ct,0.720447,mandate,0.1646488001897
de,0.530947,mandate,0.0613348717314836
fl,0.41643,ban,0.0524312080307369
ga,0.468404,ban,-0.072933495782637
id,0.451613,ban,-0.0890768484963456
il,0.543378,mandate,0.0635703427187172
in,0.493105,ban,-0.0691274155496982
ia,0.562719,ban,-0.00121032267016852
ks,0.531791,ban,-0.00704147981282455
md,0.708482,mandate,0.120417112807944
ma,0.733369,mandate,0.156336642903144
mi,0.561712,ban,-0.0176060738429134
mn,0.598606,mandate,0.0694331569838719
mo,0.559453,ban,-0.0556149519510796
mt,0.485871,ban,-0.0542256539192987
nv,0.354949,mandate,-0.0124209079730807
nh,0.617698,ban,0.0774597474917191
nj,0.650747,mandate,0.105921524399332
nm,0.56017,mandate,0.0856514477326044
ny,0.604573,mandate,0.122930608143406
nc,0.534778,mandate,-0.00853686712746604
nd,0.541322,ban,-0.0744480444098086
ok,0.439576,ban,-0.0450118270063826
or,0.513559,mandate,0.0784522483372102
pa,0.607526,mandate,0.0549646860228082
sc,0.473018,ban,-0.0411268192686919
sd,0.575996,ban,-0.00688222752594159
tn,0.515261,ban,-0.0760091082285117
tx,0.551329,ban,-0.00654981383179332
ut,0.537092,ban,0.0145835150178437
vt,0.619212,mandate,0.172407649785945
va,0.614405,mandate,0.107114489471613
wa,0.590381,mandate,0.101541237737047
wi,0.577124,mandate,0.0330775583411708
wy,0.369227,ban,-0.0978402613857835
al,0.487031,ban,-0.114495359124685
ak,0.422615,ban,0.00592860422715347
az,0.480137,ban,0.0100294122061273
ar,0.551271,ban,-0.0681518500602455
ca,0.551095,mandate,0.101396048926776
co,0.638309,mandate,0.0865377285800437
ct,0.720447,mandate,0.165780146496955
de,0.530947,mandate,0.0625945338551507
fl,0.41643,ban,0.053461835963478
ga,0.468404,ban,-0.0718519757717164
id,0.451613,ban,-0.0881493792337174
il,0.543378,mandate,0.0650026930438838
in,0.49489,ban,-0.0682437070790486
ia,0.562719,ban,-0.000387175611897161
ks,0.537479,ban,-0.00604814934518128
md,0.708482,mandate,0.121814041728951
ma,0.733369,mandate,0.157186988240488
mi,0.561712,ban,-0.0168091082858338
mn,0.598606,mandate,0.0702944814428391
mo,0.559453,ban,-0.0547265327553671
mt,0.485871,ban,-0.0532104455578295
nv,0.354949,mandate,-0.0114130992268566
nh,0.617698,ban,0.0653701912749614
nj,0.654014,mandate,0.107168422456477
nm,0.56017,mandate,0.086966731756638
ny,0.606377,mandate,0.124206745645028
nc,0.534778,mandate,-0.0075963494868313
nd,0.541322,ban,-0.0740505130647924
ok,0.439576,ban,-0.043897864339106
or,0.513559,mandate,0.0794115281838185
pa,0.607747,mandate,0.0561755664003999
sc,0.473018,ban,-0.0403124225409036
sd,0.575996,ban,-0.00578679292164697
tn,0.515261,ban,-0.0751981048937912
tx,0.551329,ban,-0.00495439996412828
ut,0.53904,ban,0.0158303431471657
vt,0.619212,mandate,0.172870158274709
va,0.614405,mandate,0.108202792533306
wa,0.590381,mandate,0.102756304205282
wi,0.577124,mandate,0.0339092913830299
wy,0.376518,ban,-0.0968318306372644
al,0.487031,ban,-0.113816285143551
ak,0.439457,ban,0.00722512565004796
az,0.481821,ban,0.0118080195931782
ar,0.5633,ban,-0.0674302884854415
ca,0.573489,mandate,0.102454464150517
co,0.650188,mandate,0.0874710223712794
ct,0.737706,mandate,0.166947227453129
de,0.547839,mandate,0.0637853611944219
fl,0.43128,ban,0.0544219976919094
ga,0.477815,ban,-0.0709039120440799
id,0.452142,ban,-0.0871832265797339
il,0.555367,mandate,0.0663108678368284
in,0.498874,ban,-0.0674207160647267
ia,0.588143,ban,0.00040619432654565
ks,0.537479,ban,-0.00517589743952807
md,0.727715,mandate,0.124688680193461
ma,0.740849,mandate,0.158089782886366
mi,0.568896,ban,-0.0159863280703749
mn,0.60593,mandate,0.0711437895168632
mo,0.561998,ban,-0.0540092196105673
mt,0.487945,ban,-0.0523839170631507
nv,0.372997,mandate,-0.010493730276549
nh,0.628118,ban,0.0702294096912082
nj,0.660165,mandate,0.108299269195255
nm,0.573512,mandate,0.0882801267802269
ny,0.615308,mandate,0.125319463265325
nc,0.539051,mandate,-0.00649275441565955
nd,0.546132,ban,-0.0737063404012333
ok,0.451098,ban,-0.0428202712503942
or,0.527682,mandate,0.0801745893994448
pa,0.621935,mandate,0.0572971576303529
sc,0.477274,ban,-0.0396467880928068
sd,0.581591,ban,-0.00466509624344436
tn,0.523198,ban,-0.0743466268431591
tx,0.561176,ban,-0.003436204570753
ut,0.556367,ban,0.0171817504377189
vt,0.623509,mandate,0.173686767883112
va,0.61481,mandate,0.109222624607754
wa,0.608276,mandate,0.103869807676844
wi,0.592374,mandate,0.0347895264303888
wy,0.377757,ban,-0.0959088391343841
al,0.487031,ban,-0.112893821584955
ak,0.440215,ban,0.0086147566342597
az,0.481821,ban,0.0131465595849968
ar,0.5633,ban,-0.0664440768530588
ca,0.573489,mandate,0.103787264853994
co,0.650188,mandate,0.0885090024305618
ct,0.737706,mandate,0.168725917622156
de,0.547839,mandate,0.0654887695696962
fl,0.43128,ban,0.0555798945938166
ga,0.477815,ban,-0.0696389379877045
id,0.452142,ban,-0.0862178507006775
il,0.555367,mandate,0.067595761808072
in,0.498874,ban,-0.066583029910143
ia,0.588143,ban,0.00131029932864113
ks,0.537479,ban,-0.00406523260638314
md,0.727715,mandate,0.128595127490823
ma,0.740849,mandate,0.159744852213643
mi,0.568896,ban,-0.0151260379229708
mn,0.60593,mandate,0.0720837962630615
mo,0.561998,ban,-0.0530231084224107
mt,0.487945,ban,-0.0515157525084818
nv,0.372997,mandate,-0.00931502381853844
nh,0.628118,ban,0.0782117150676155
nj,0.660165,mandate,0.110000345298252
nm,0.573933,mandate,0.0898258013942332
ny,0.615308,mandate,0.126966129483126
nc,0.539051,mandate,-0.00376472093323699
nd,0.546132,ban,-0.0733473153211864
ok,0.451098,ban,-0.0412661933853643
or,0.527682,mandate,0.081213064703814
pa,0.621935,mandate,0.0589604605267844
sc,0.477274,ban,-0.039036137076416
sd,0.581591,ban,-0.00274619256097042
tn,0.523198,ban,-0.0731813767226456
tx,0.561176,ban,-0.00172505612044127
ut,0.565439,ban,0.018881827708401
vt,0.623509,mandate,0.175040304973426
va,0.61481,mandate,0.110644957513429
wa,0.608276,mandate,0.105164226030031
wi,0.592374,mandate,0.035675603048627
wy,0.37925,ban,-0.0944509236588107
al,0.487031,ban,-0.111890521978613
ak,0.440215,ban,0.00962104114006901
az,0.481821,ban,0.0145810434578559
ar,0.5633,ban,-0.0653467207351232
ca,0.573489,mandate,0.106805664109244
co,0.650188,mandate,0.0896174001497023
ct,0.737706,mandate,0.170716123634387
de,0.547839,mandate,0.0674461595393855
fl,0.43128,ban,0.0567977182799839
ga,0.477815,ban,-0.0685743684050896
id,0.452142,ban,-0.0852467266871622
il,0.555367,mandate,0.068819041880505
in,0.498874,ban,-0.0658539572636017
ia,0.588143,ban,0.00221265800340564
ks,0.539498,ban,-0.00269850363369539
md,0.727715,mandate,0.13259727195849
ma,0.740849,mandate,0.161745566751646
mi,0.570066,ban,-0.014207739218681
mn,0.60593,mandate,0.0730491876224496
mo,0.561998,ban,-0.0518235788758517
mt,0.487945,ban,-0.0507481205923334
nv,0.372997,mandate,-0.00809301775181015
nh,0.628118,ban,0.078714167543856
nj,0.660165,mandate,0.11161316026739
nm,0.573933,mandate,0.091477394961757
ny,0.617565,mandate,0.128785635084701
nc,0.539051,mandate,-0.000675336218894596
nd,0.548157,ban,-0.072974354640483
ok,0.451098,ban,-0.0396091044619973
or,0.527682,mandate,0.0823517059106964
pa,0.621935,mandate,0.0610319313971205
sc,0.477274,ban,-0.0386420147215354
sd,0.581591,ban,-0.0004214351105567
tn,0.523198,ban,-0.0720311134096054
tx,0.564594,ban,-0.000196778309801249
ut,0.565439,ban,0.0195316594734981
vt,0.623509,mandate,0.176290321912077
va,0.61481,mandate,0.112223083844999
wa,0.608276,mandate,0.106384483743075
wi,0.592374,mandate,0.0369213119785182
wy,0.37925,ban,-0.093315200816789
al,0.487031,ban,-0.110514830632082
ak,0.443561,ban,0.0111879309125682
az,0.481821,ban,0.0165626451649421
ar,0.566329,ban,-0.0643876904045828
ca,0.586474,mandate,0.109942657465197
co,0.650188,mandate,0.0908066569385613
ct,0.737706,mandate,0.172502974931659
de,0.547839,mandate,0.0693148002587546
fl,0.435426,ban,0.0579659556198167
ga,0.477815,ban,-0.0674865403276154
id,0.452142,ban,-0.0842407254794324
il,0.555367,mandate,0.0695030832652426
in,0.498874,ban,-0.0651762965547681
ia,0.588143,ban,0.00310185205677693
ks,0.539498,ban,-0.00111475714205511
md,0.727715,mandate,0.129908546870512
ma,0.740849,mandate,0.163515735995058
mi,0.573821,ban,-0.0133619795626768
mn,0.60593,mandate,0.0739757760721299
mo,0.562429,ban,-0.0506266952991512
mt,0.487945,ban,-0.0499547955379001
nv,0.382402,mandate,-0.00672206287165744
nh,0.628118,ban,0.0784117627098583
nj,0.660165,mandate,0.112988197681098
nm,0.573933,mandate,0.0931825551847487
ny,0.617565,mandate,0.130308044487634
nc,0.539051,mandate,0.0020239188934329
nd,0.548157,ban,-0.072249336680061
ok,0.451098,ban,-0.0381449041963756
or,0.527682,mandate,0.0833335407855046
pa,0.621935,mandate,0.0628505207230735
sc,0.477274,ban,-0.0384910475225004
sd,0.58225,ban,0.00148909048699009
tn,0.523198,ban,-0.070790949923174
tx,0.564594,ban,0.000985129010531716
ut,0.565439,ban,0.0203797331559137
vt,0.623509,mandate,0.177339962934849
va,0.61481,mandate,0.113598792923973
wa,0.608276,mandate,0.107492109983906
wi,0.593775,mandate,0.0381557013499031
wy,0.37925,ban,-0.0922505535211391
al,0.487031,ban,-0.109790320138707
ak,0.446196,ban,0.012786961014811
az,0.481821,ban,0.0179529624916869
ar,0.566329,ban,-0.0632621568114353
ca,0.586474,mandate,0.111307575371887
co,0.650188,mandate,0.09184211324475
ct,0.737706,mandate,0.174071258537045
de,0.547839,mandate,0.0707826984282969
fl,0.435426,ban,0.0591195412422834
ga,0.477815,ban,-0.0663785744478281
id,0.452142,ban,-0.0832894869040436
il,0.555367,mandate,0.0708855604508177
in,0.498874,ban,-0.0645242365487421
ia,0.588143,ban,0.00400103152025588
ks,0.539498,ban,0.000214918873108871
md,0.727715,mandate,0.131176661572428
ma,0.740849,mandate,0.165158104501786
mi,0.573821,ban,-0.0125365342424547
mn,0.60593,mandate,0.0748287891981789
mo,0.562429,ban,-0.0496661153991137
mt,0.487945,ban,-0.049142233569674
nv,0.382402,mandate,-0.00544345901669519
nh,0.628118,ban,0.0843432945635303
nj,0.660165,mandate,0.11422569905715
nm,0.573933,mandate,0.0949065379478937
ny,0.617565,mandate,0.131739335055005
nc,0.539051,mandate,0.00444713155138377
nd,0.548157,ban,-0.071294381308822
ok,0.451098,ban,-0.0368027657207206
or,0.527682,mandate,0.0843263666008081
pa,0.621935,mandate,0.0645023424875642
sc,0.477274,ban,-0.0383107744334721
sd,0.58225,ban,0.00381014224599319
tn,0.523198,ban,-0.069935813024373
tx,0.564594,ban,0.00233034502240037
ut,0.565439,ban,0.0209906588530951
vt,0.626077,mandate,0.17859864357718
va,0.61481,mandate,0.114812237183284
wa,0.608276,mandate,0.108524926678994
wi,0.593775,mandate,0.0390590845308239
wy,0.37925,ban,-0.0911103729793458
